{"camera_matrix": [[770.2646105415345, 0.0, 306.8782990177327], [0.0, 766.4095839916679, 252.68706274127328], [0.0, 0.0, 1.0]], "distortion": [[-0.7932099422193066, 19.686336164939615, -0.004623072271982428, -0.007266133163883661, -180.07669851459414]]}